{
    "Tabular Q-Learning": {
        "1": {
            "p_value": 0.4713885429402608,
            "cohens_d": 0.022777887129151252,
            "ci_95": [
                -0.277955760261728,
                0.6009557602617284
            ],
            "mean_prev": -2.7745,
            "mean_curr": -2.613,
            "diff": 0.1615000000000002
        },
        "2": {
            "p_value": 0.28101752295225396,
            "cohens_d": 0.034095124401975097,
            "ci_95": [
                -0.15171563767557783,
                0.5227156376755774
            ],
            "mean_prev": -2.613,
            "mean_curr": -2.4275,
            "diff": 0.18549999999999978
        },
        "3": {
            "p_value": 0.7953779658251747,
            "cohens_d": -0.008201391663706387,
            "ci_95": [
                -0.36796528897455955,
                0.28196528897456014
            ],
            "mean_prev": -2.4275,
            "mean_curr": -2.4705,
            "diff": -0.042999999999999705
        },
        "4": {
            "p_value": 0.3409171713100747,
            "cohens_d": 0.030119695371374638,
            "ci_95": [
                -0.16872086343588416,
                0.4877208634358841
            ],
            "mean_prev": -2.4705,
            "mean_curr": -2.311,
            "diff": 0.15949999999999998
        }
    },
    "Tabular Q-Learning V2": {
        "1": {
            "p_value": NaN,
            "cohens_d": NaN,
            "ci_95": [
                0.0,
                0.0
            ],
            "mean_prev": -1.0,
            "mean_curr": -1.0,
            "diff": 0.0
        },
        "2": {
            "p_value": NaN,
            "cohens_d": NaN,
            "ci_95": [
                0.0,
                0.0
            ],
            "mean_prev": -1.0,
            "mean_curr": -1.0,
            "diff": 0.0
        },
        "3": {
            "p_value": NaN,
            "cohens_d": NaN,
            "ci_95": [
                0.0,
                0.0
            ],
            "mean_prev": -1.0,
            "mean_curr": -1.0,
            "diff": 0.0
        },
        "4": {
            "p_value": NaN,
            "cohens_d": NaN,
            "ci_95": [
                0.0,
                0.0
            ],
            "mean_prev": -1.0,
            "mean_curr": -1.0,
            "diff": 0.0
        }
    },
    "DQN (default)": {
        "1": {
            "p_value": 0.07174940418976924,
            "cohens_d": 0.056962340941848724,
            "ci_95": [
                -0.039556261213983035,
                0.9375562612139832
            ],
            "mean_prev": -1.8425,
            "mean_curr": -1.3935,
            "diff": 0.44900000000000007
        },
        "2": {
            "p_value": 0.550599577133311,
            "cohens_d": 0.018876036033229855,
            "ci_95": [
                -0.2317815833824471,
                0.43478158338244693
            ],
            "mean_prev": -1.3935,
            "mean_curr": -1.292,
            "diff": 0.10149999999999992
        },
        "3": {
            "p_value": 0.054946608815756436,
            "cohens_d": -0.060711717428031796,
            "ci_95": [
                -0.5991970932931865,
                0.0061970932931865175
            ],
            "mean_prev": -1.292,
            "mean_curr": -1.5885,
            "diff": -0.2965
        },
        "4": {
            "p_value": 0.5220873855140558,
            "cohens_d": 0.020244584647687507,
            "ci_95": [
                -0.2113130976672799,
                0.41631309766728
            ],
            "mean_prev": -1.5885,
            "mean_curr": -1.486,
            "diff": 0.10250000000000004
        }
    },
    "DQN (low lr)": {
        "1": {
            "p_value": 0.2899624503106144,
            "cohens_d": -0.033469207413944144,
            "ci_95": [
                -0.6131521849363442,
                0.18315218493634416
            ],
            "mean_prev": -0.9185,
            "mean_curr": -1.1335,
            "diff": -0.21499999999999997
        },
        "2": {
            "p_value": 0.8872015841013237,
            "cohens_d": -0.004485871818438,
            "ci_95": [
                -0.32597081821642615,
                0.2819708182164261
            ],
            "mean_prev": -1.1335,
            "mean_curr": -1.1555,
            "diff": -0.02200000000000002
        },
        "3": {
            "p_value": 0.6526529486655053,
            "cohens_d": -0.0142339283986941,
            "ci_95": [
                -0.3694556569220959,
                0.23145565692209602
            ],
            "mean_prev": -1.1555,
            "mean_curr": -1.2245,
            "diff": -0.06899999999999995
        },
        "4": {
            "p_value": 0.7223328995900442,
            "cohens_d": -0.011237712994664428,
            "ci_95": [
                -0.29970905448123625,
                0.20770905448123617
            ],
            "mean_prev": -1.2245,
            "mean_curr": -1.2705,
            "diff": -0.04600000000000004
        }
    },
    "DQN (high batch)": {
        "1": {
            "p_value": 0.010627096422103592,
            "cohens_d": -0.08082819266703213,
            "ci_95": [
                -1.020338317354154,
                -0.13466168264584594
            ],
            "mean_prev": -0.8135,
            "mean_curr": -1.391,
            "diff": -0.5775
        },
        "2": {
            "p_value": 0.36407823988944976,
            "cohens_d": -0.028705524197214064,
            "ci_95": [
                -0.7692624371264521,
                0.28226243712645205
            ],
            "mean_prev": -1.391,
            "mean_curr": -1.6345,
            "diff": -0.24350000000000005
        },
        "3": {
            "p_value": 0.7378173637802278,
            "cohens_d": -0.010586578806394532,
            "ci_95": [
                -0.5894993194175407,
                0.41749931941754104
            ],
            "mean_prev": -1.6345,
            "mean_curr": -1.7205,
            "diff": -0.08599999999999985
        },
        "4": {
            "p_value": 0.3694043197746162,
            "cohens_d": 0.028387507895029914,
            "ci_95": [
                -0.1638977648209134,
                0.4408977648209131
            ],
            "mean_prev": -1.7205,
            "mean_curr": -1.582,
            "diff": 0.13849999999999985
        }
    },
    "Dueling DQN (default)": {
        "1": {
            "p_value": 0.23567355492335096,
            "cohens_d": -0.037509116074810056,
            "ci_95": [
                -0.6524941955938925,
                0.16049419559389255
            ],
            "mean_prev": -0.9335,
            "mean_curr": -1.1795,
            "diff": -0.246
        },
        "2": {
            "p_value": 0.012364656407948761,
            "cohens_d": -0.07914577848578612,
            "ci_95": [
                -0.5857549203798245,
                -0.07124507962017562
            ],
            "mean_prev": -1.1795,
            "mean_curr": -1.508,
            "diff": -0.3285
        },
        "3": {
            "p_value": 0.1096149377577775,
            "cohens_d": 0.050606162714617695,
            "ci_95": [
                -0.048099647677474655,
                0.4760996476774746
            ],
            "mean_prev": -1.508,
            "mean_curr": -1.294,
            "diff": 0.21399999999999997
        },
        "4": {
            "p_value": 0.6351849522944615,
            "cohens_d": -0.015004863512649274,
            "ci_95": [
                -0.5028089424159622,
                0.30680894241596246
            ],
            "mean_prev": -1.294,
            "mean_curr": -1.392,
            "diff": -0.09799999999999986
        }
    },
    "Dueling DQN (low lr)": {
        "1": {
            "p_value": 0.41387274443743105,
            "cohens_d": -0.025842197530858955,