{
    "0": {
        "Tabular Q-Learning": {
            "avg_ev": -2.7745,
            "std_ev": 8.33370564334978
        },
        "Tabular Q-Learning V2": {
            "avg_ev": -1.0,
            "std_ev": 0.0
        },
        "DQN (default)": {
            "avg_ev": -1.8425,
            "std_ev": 9.68569531577367
        },
        "DQN (low lr)": {
            "avg_ev": -0.9185,
            "std_ev": 8.037341460333758
        },
        "DQN (high batch)": {
            "avg_ev": -0.8135,
            "std_ev": 8.018648124839997
        },
        "Dueling DQN (default)": {
            "avg_ev": -0.9335,
            "std_ev": 8.6105213401977
        },
        "Dueling DQN (low lr)": {
            "avg_ev": -1.04,
            "std_ev": 5.195132337101722
        },
        "Dueling DQN (high batch)": {
            "avg_ev": -1.5935,
            "std_ev": 7.285551300347834
        },
        "PPO": {
            "avg_ev": -1.207,
            "std_ev": 6.952852004753158
        },
        "Distributional DQN": {
            "avg_ev": -1.0035,
            "std_ev": 0.2747503412190784
        }
    },
    "1": {
        "Tabular Q-Learning": {
            "avg_ev": -2.613,
            "std_ev": 5.57146578559
        },
        "Tabular Q-Learning V2": {
            "avg_ev": -1.0,
            "std_ev": 0.0
        },
        "DQN (default)": {
            "avg_ev": -1.3935,
            "std_ev": 5.512681538960871
        },
        "DQN (low lr)": {
            "avg_ev": -1.1335,
            "std_ev": 4.229737314538576
        },
        "DQN (high batch)": {
            "avg_ev": -1.391,
            "std_ev": 6.143787024303496
        },
        "Dueling DQN (default)": {
            "avg_ev": -1.1795,
            "std_ev": 3.4411160616869636
        },
        "Dueling DQN (low lr)": {
            "avg_ev": -1.1505,
            "std_ev": 3.091900669491179
        },
        "Dueling DQN (high batch)": {
            "avg_ev": -1.2885,
            "std_ev": 4.782600521682738
        },
        "PPO": {
            "avg_ev": -1.268,
            "std_ev": 4.692566035763376
        },
        "Distributional DQN": {
            "avg_ev": -1.001,
            "std_ev": 0.044710177812216326
        }
    },
    "2": {
        "Tabular Q-Learning": {
            "avg_ev": -2.4275,
            "std_ev": 5.30384235719728
        },
        "Tabular Q-Learning V2": {
            "avg_ev": -1.0,
            "std_ev": 0.0
        },
        "DQN (default)": {
            "avg_ev": -1.292,
            "std_ev": 5.235430832319342
        },
        "DQN (low lr)": {
            "avg_ev": -1.1555,
            "std_ev": 5.494480844447453
        },
        "DQN (high batch)": {
            "avg_ev": -1.6345,
            "std_ev": 10.30018979194073
        },
        "Dueling DQN (default)": {
            "avg_ev": -1.508,
            "std_ev": 4.753518275972019
        },
        "Dueling DQN (low lr)": {
            "avg_ev": -1.068,
            "std_ev": 3.7195935261799775
        },
        "Dueling DQN (high batch)": {
            "avg_ev": -1.3775,
            "std_ev": 5.640832717782012
        },
        "PPO": {
            "avg_ev": -1.064,
            "std_ev": 5.877746506953153
        },
        "Distributional DQN": {
            "avg_ev": -0.9915,
            "std_ev": 0.3693612730105852
        }
    },
    "3": {
        "Tabular Q-Learning": {
            "avg_ev": -2.4705,
            "std_ev": 5.178815477500622
        },
        "Tabular Q-Learning V2": {
            "avg_ev": -1.0,
            "std_ev": 0.0
        },
        "DQN (default)": {
            "avg_ev": -1.5885,
            "std_ev": 4.502018186324884
        },
        "DQN (low lr)": {
            "avg_ev": -1.2245,
            "std_ev": 4.096962258796144
        },
        "DQN (high batch)": {
            "avg_ev": -1.7205,
            "std_ev": 5.081572566637222
        },
        "Dueling DQN (default)": {
            "avg_ev": -1.294,
            "std_ev": 3.6263706374280056
        },
        "Dueling DQN (low lr)": {
            "avg_ev": -1.1635,
            "std_ev": 2.469770788959979
        },
        "Dueling DQN (high batch)": {
            "avg_ev": -0.7795,
            "std_ev": 22.599399986504064
        },
        "PPO": {
            "avg_ev": -0.84,
            "std_ev": 13.476438698706717
        },
        "Distributional DQN": {
            "avg_ev": -1.0125,
            "std_ev": 0.5189833812368175
        }
    },
    "4": {
        "Tabular Q-Learning": {
            "avg_ev": -2.311,
            "std_ev": 5.4071507284335985
        },
        "Tabular Q-Learning V2": {
            "avg_ev": -1.0,
            "std_ev": 0.0
        },
        "DQN (default)": {
            "avg_ev": -1.486,
            "std_ev": 5.565591073731523
        },
        "DQN (low lr)": {
            "avg_ev": -1.2705,
            "std_ev": 4.087704704354266
        },
        "DQN (high batch)": {
            "avg_ev": -1.582,
            "std_ev": 4.664898283992911
        },
        "Dueling DQN (default)": {
            "avg_ev": -1.392,
            "std_ev": 8.492369280713126
        },
        "Dueling DQN (low lr)": {
            "avg_ev": -1.2415,
            "std_ev": 3.6036339644864044
        },
        "Dueling DQN (high batch)": {
            "avg_ev": -1.5175,
            "std_ev": 5.419012248556004
        },
        "PPO": {
            "avg_ev": -1.074,
            "std_ev": 5.839736637897295
        },
        "Distributional DQN": {
            "avg_ev": -1.0015,
            "std_ev": 0.07414681382230795
        }
    }
}