{
  "DQN": {
    "scratch": [
      -0.0953,
      9.53,
      1.2515,
      7.614862165401517,
      9981,
      3.304545038276828
    ],
    "transfer": [
      -0.0475,
      4.75,
      1.2803,
      3.710067952823557,
      9989,
      3.7190917910156513
    ]
  },
  "DuelingDQN": {
    "scratch": [
      -0.1255,
      12.55,
      1.46,
      8.595890410958905,
      9980,
      3.1443202365535226
    ],
    "transfer": [
      -0.2351,
      23.51,
      1.2194,
      19.279973757585697,
      9985,
      2.16412291471626
    ]
  },
  "DistributionalDQN": {
    "scratch": [
      -0.4617,
      46.17,
      1.9769,
      23.354747331680915,
      9978,
      3.491236616157662
    ],
    "transfer": [
      -0.5567,
      55.669999999999995,
      1.9477,
      28.58243055912101,
      9981,
      3.0904668110173903
    ]
  },
  "PPO": {
    "scratch": [
      -0.3522,
      35.22,
      1.0,
      35.22,
      9980,
      2.463930835068226
    ],
    "transfer": [
      -0.3656,
      36.559999999999995,
      1.003,
      36.4506480558325,
      9981,
      1.6749736236729225
    ]
  }
}