{
  "kisenwether": [
    -0.0733,
    7.33,
    3.5379,
    2.0718505328019448,
    1326,
    7.055432453790484
  ],
  "tabular_ms": [
    -2.6854,
    268.54,
    5.7272,
    46.88853191786563,
    1323,
    7.383984482648917
  ],
  "dqn_ms": [
    -0.5022,
    50.22,
    2.2595,
    22.226156229254258,
    1326,
    7.7222143948481525
  ],
  "dueling_ms": [
    -0.5392,
    53.92,
    2.8663,
    18.811708474339742,
    1326,
    6.094281201257455
  ],
  "distdqn_ms": [
    -1.262,
    126.2,
    4.3754,
    28.843077204369887,
    1326,
    5.6826187625073
  ],
  "ppo_ms": [
    -0.9747,
    97.47,
    4.1657,
    23.398228388986244,
    1325,
    5.180469082042667
  ]
}