{
    "Tabular Q-Learning": {
        "1": {
            "p_value": 1.074465638028393e-08,
            "cohens_d": 0.08090887207406111,
            "ci_95": [
                0.3385660523665792,
                0.6914339476334201
            ],
            "mean_prev": -2.9244,
            "mean_curr": -2.4094,
            "diff": 0.5149999999999997
        },
        "2": {
            "p_value": 0.1744426513032733,
            "cohens_d": 0.0192066525228642,
            "ci_95": [
                -0.04968006380886522,
                0.27388006380886587
            ],
            "mean_prev": -2.4094,
            "mean_curr": -2.2973,
            "diff": 0.11210000000000031
        },
        "3": {
            "p_value": 0.47792802040474824,
            "cohens_d": -0.010035999918897105,
            "ci_95": [
                -0.23737688118123815,
                0.11117688118123828
            ],
            "mean_prev": -2.2973,
            "mean_curr": -2.3604,
            "diff": -0.06309999999999993
        },
        "4": {
            "p_value": 0.582379061367742,
            "cohens_d": 0.007777070842040377,
            "ci_95": [
                -0.13000200590235217,
                0.2314020059023521
            ],
            "mean_prev": -2.3604,
            "mean_curr": -2.3097,
            "diff": 0.05069999999999997
        }
    },
    "Tabular Q-Learning V2": {
        "1": {
            "p_value": NaN,
            "cohens_d": NaN,
            "ci_95": [
                0.0,
                0.0
            ],
            "mean_prev": -1.0,
            "mean_curr": -1.0,
            "diff": 0.0
        },
        "2": {
            "p_value": NaN,
            "cohens_d": NaN,
            "ci_95": [
                0.0,
                0.0
            ],
            "mean_prev": -1.0,
            "mean_curr": -1.0,
            "diff": 0.0
        },
        "3": {
            "p_value": NaN,
            "cohens_d": NaN,
            "ci_95": [
                0.0,
                0.0
            ],
            "mean_prev": -1.0,
            "mean_curr": -1.0,
            "diff": 0.0
        },
        "4": {
            "p_value": NaN,
            "cohens_d": NaN,
            "ci_95": [
                0.0,
                0.0
            ],
            "mean_prev": -1.0,
            "mean_curr": -1.0,
            "diff": 0.0
        }
    },
    "DQN (default)": {
        "1": {
            "p_value": 1.913895292362394e-06,
            "cohens_d": -0.06736931988866811,
            "ci_95": [
                -0.48581842892099103,
                -0.20258157107900884
            ],
            "mean_prev": -0.9444,
            "mean_curr": -1.2886,
            "diff": -0.34419999999999995
        },
        "2": {
            "p_value": 0.00865830784590524,
            "cohens_d": 0.03713165723204131,
            "ci_95": [
                0.03660616338887848,
                0.25219383661112127
            ],
            "mean_prev": -1.2886,
            "mean_curr": -1.1442,
            "diff": 0.14439999999999986
        },
        "3": {
            "p_value": 0.011427582286028738,
            "cohens_d": -0.035774052003590844,
            "ci_95": [
                -0.19931270931108708,
                -0.02528729068891261
            ],
            "mean_prev": -1.1442,
            "mean_curr": -1.2565,
            "diff": -0.11229999999999984
        },
        "4": {
            "p_value": 0.22536153410441925,
            "cohens_d": -0.017146410079900965,
            "ci_95": [
                -0.14548198489071773,
                0.03428198489071753
            ],
            "mean_prev": -1.2565,
            "mean_curr": -1.3121,
            "diff": -0.055600000000000094
        }
    },
    "DQN (low lr)": {
        "1": {
            "p_value": 3.3826485438531824e-12,
            "cohens_d": -0.09853242900845781,
            "ci_95": [
                -0.5294390877512934,
                -0.29696091224870635
            ],
            "mean_prev": -0.5389,
            "mean_curr": -0.9521,
            "diff": -0.4131999999999999
        },
        "2": {
            "p_value": 0.017953377834315297,
            "cohens_d": -0.033471233815163134,
            "ci_95": [
                -0.13747549499261869,
                -0.012924505007381612
            ],
            "mean_prev": -0.9521,
            "mean_curr": -1.0273,
            "diff": -0.07520000000000016
        },
        "3": {
            "p_value": 0.9011537661780137,
            "cohens_d": -0.0017565332654172088,
            "ci_95": [
                -0.05873097813678277,
                0.051730978136783096
            ],
            "mean_prev": -1.0273,
            "mean_curr": -1.0308,
            "diff": -0.0034999999999998366
        },
        "4": {
            "p_value": 0.8463367566740647,
            "cohens_d": -0.002740704331572447,
            "ci_95": [
                -0.05223426039614748,
                0.042834260396147184
            ],
            "mean_prev": -1.0308,
            "mean_curr": -1.0355,
            "diff": -0.0047000000000001485
        }
    },
    "DQN (high batch)": {
        "1": {
            "p_value": 0.0005195946347260338,
            "cohens_d": -0.04909045423256646,
            "ci_95": [
                -0.36362305437700493,
                -0.10117694562299498
            ],
            "mean_prev": -1.1485,
            "mean_curr": -1.3809,
            "diff": -0.23239999999999994
        },
        "2": {
            "p_value": 0.2696210715289018,
            "cohens_d": 0.015612452980035186,
            "ci_95": [
                -0.03326531068541366,
                0.11906531068541354
            ],
            "mean_prev": -1.3809,
            "mean_curr": -1.338,
            "diff": 0.04289999999999994
        },
        "3": {
            "p_value": 0.07024020735888879,
            "cohens_d": -0.025603798786258673,
            "ci_95": [
                -0.15515344760034122,
                0.006153447600341186
            ],
            "mean_prev": -1.338,
            "mean_curr": -1.4125,
            "diff": -0.07450000000000001
        },
        "4": {
            "p_value": 0.0001430433619489151,
            "cohens_d": 0.05379157533968757,
            "ci_95": [
                0.07532299519734632,
                0.23547700480265366
            ],
            "mean_prev": -1.4125,
            "mean_curr": -1.2571,
            "diff": 0.15539999999999998
        }
    },
    "Dueling DQN (default)": {
        "1": {
            "p_value": 7.264354072288017e-09,
            "cohens_d": -0.08184355537287832,
            "ci_95": [
                -0.5800490406810308,
                -0.28655095931896885
            ],
            "mean_prev": -1.0071,
            "mean_curr": -1.4404,
            "diff": -0.4332999999999998
        },
        "2": {
            "p_value": 0.3706385134958602,
            "cohens_d": 0.012661433906850606,
            "ci_95": [
                -0.07063929965360419,
                0.18943929965360398
            ],
            "mean_prev": -1.4404,
            "mean_curr": -1.381,
            "diff": 0.0593999999999999
        },
        "3": {
            "p_value": 0.7596789631749497,
            "cohens_d": 0.004326183202140734,
            "ci_95": [
                -0.1340977850170919,
                0.18369778501709177
            ],
            "mean_prev": -1.381,
            "mean_curr": -1.3562,
            "diff": 0.024799999999999933
        },
        "4": {
            "p_value": 0.0003932931758933053,
            "cohens_d": 0.05014038420081945,
            "ci_95": [
                0.11702711754464357,
                0.4063728824553565
            ],
            "mean_prev": -1.3562,
            "mean_curr": -1.0945,
            "diff": 0.26170000000000004
        }
    },