{
  "kisenwether": [
    -0.0322,
    3.2199999999999998,
    3.5906,
    0.8967860524703392,
    1326,
    8.141520936532682
  ],
  "tabular_ms": [
    -2.8111,
    281.11,
    5.8358,
    48.169916720929436,
    1325,
    8.255944330602043
  ],
  "dqn_ms": [
    -0.5939,
    59.39,
    2.1283,
    27.904900624911903,
    1325,
    6.9700202861971645
  ],
  "dueling_ms": [
    -0.6266,
    62.660000000000004,
    2.1719,
    28.850315392053044,
    1325,
    4.53576591547668
  ],
  "distdqn_ms": [
    -1.1945,
    119.44999999999999,
    3.9108,
    30.54362278817633,
    1324,
    7.24904612690525
  ],
  "ppo_ms": [
    -0.4798,
    47.980000000000004,
    4.9278,
    9.736596452778116,
    1326,
    7.2857526694227
  ]
}