{
  "DQN": {
    "scratch": [
      -0.1324,
      13.239999999999998,
      1.2135,
      10.910589204779562,
      9974,
      3.70802781003595
    ],
    "transfer": [
      -0.2615,
      26.150000000000002,
      1.5351,
      17.034720865090225,
      9983,
      2.822820885213938
    ]
  },
  "DuelingDQN": {
    "scratch": [
      -0.2723,
      27.229999999999997,
      1.5315,
      17.779954293176623,
      9973,
      3.23109156632863
    ],
    "transfer": [
      -0.2126,
      21.26,
      1.3721,
      15.494497485606006,
      9977,
      2.8691464305608387
    ]
  },
  "DistributionalDQN": {
    "scratch": [
      -0.6822,
      68.22,
      2.0484,
      33.30404217926186,
      9988,
      3.1407965804871854
    ],
    "transfer": [
      -0.5341,
      53.410000000000004,
      2.0209,
      26.42881884308971,
      9985,
      3.19205845654493
    ]
  },
  "PPO": {
    "scratch": [
      -0.1107,
      11.07,
      1.1991,
      9.231923942957218,
      9984,
      1.9638853097877174
    ],
    "transfer": [
      -1.1475,
      114.75,
      3.0,
      38.25,
      9980,
      4.00653762618049
    ]
  }
}