{
  "kisenwether": [
    -0.2253,
    22.53,
    3.5971,
    6.2633788329487645,
    1326,
    5.988667623937732
  ],
  "dqn_ms": [
    -0.7097,
    70.97,
    2.1702,
    32.7020551101281,
    1325,
    5.577636229622724
  ],
  "dueling_ms": [
    -0.6495,
    64.95,
    2.119,
    30.651250589900894,
    1326,
    4.255989867234178
  ],
  "distdqn_ms": [
    -1.1891,
    118.91000000000001,
    3.8794,
    30.65164716193226,
    1325,
    5.886912704465728
  ],
  "ppo_ms": [
    -0.2418,
    24.18,
    4.9596,
    4.875393176869102,
    1325,
    10.936925196781772
  ]
}