{
  "DQN": {
    "scratch": [
      -0.174,
      17.4,
      1.2327,
      14.115356534436602,
      9981,
      2.9795509728816527
    ],
    "transfer": [
      -0.1851,
      18.509999999999998,
      1.5396,
      12.02260327357755,
      9981,
      3.95707442310604
    ]
  },
  "DuelingDQN": {
    "scratch": [
      -0.2586,
      25.86,
      1.5432,
      16.757387247278384,
      9986,
      3.289213589902608
    ],
    "transfer": [
      -0.2327,
      23.27,
      1.383,
      16.825741142443963,
      9981,
      2.351669770609811
    ]
  },
  "DistributionalDQN": {
    "scratch": [
      -0.6908,
      69.08,
      2.0406,
      33.85278839556993,
      9985,
      5.2633635025523375
    ],
    "transfer": [
      -0.4506,
      45.06,
      2.0138,
      22.375608302711296,
      9982,
      4.206062248707216
    ]
  },
  "PPO": {
    "scratch": [
      -0.0561,
      5.609999999999999,
      1.2088,
      4.640966247518199,
      9982,
      2.222735429600203
    ],
    "transfer": [
      -1.1388,
      113.88000000000001,
      3.0,
      37.96,
      9975,
      3.740632909014195
    ]
  }
}